"id","sectoral","level","name","color_id"
"accounts-payable","FALSE",3,"Accounts Payable",
"accumulation-of-external-arrears","FALSE",3,"Accumulation of External Arrears",
"accumulation-of-new-arrears","FALSE",2,"Accumulation of New Arrears",
"acquisition-of-fixed-capital","FALSE",3,"Acquisition of Fixed Capital",
"additional-finance","FALSE",3,"Additional Finance",
"adjustment-aid","FALSE",4,"Adjustment Aid",
"adjustments-and-fiscal-expenditure","FALSE",3,"Adjustments and Fiscal Expenditure",
"administrative-fees","FALSE",4,"Administrative Fees",
"afghanistan-reconstruction-trust-fund","FALSE",4,"Afghanistan Reconstruction Trust Fund",
"agaciro-development-fund","FALSE",2,"Agaciro Development Fund",
"agricultural-expenditure","FALSE",3,"Agricultural Expenditure",
"agricultural-swap","FALSE",4,"Agricultural Swap",
"agriculture-and-rural-development","FALSE",3,"Agriculture and Rural Development",
"all-other-tax-national","FALSE",5,"All Other Tax (National)",
"amortization","FALSE",3,"Amortization",
"amortization-due","FALSE",3,"Amortization Due",
"amortization-of-parastatal-debt","FALSE",3,"Amortization Of Parastatal Debt",
"amortizations","FALSE",3,"Amortizations",
"amortization-to-india","FALSE",4,"Amortization to India",
"annual-development-program-adp","FALSE",3,"Annual Development Program (ADP)",
"arrears-clearance","FALSE",4,"Arrears clearance",
"arrears-on-amortization","FALSE",3,"Arrears on Amortization",
"arrears-payments","FALSE",3,"Arrears Payments",
"asset-disposal","FALSE",3,"Asset Disposal",
"asset-sales","FALSE",2,"Asset Sales",
"autonomous-and-local-entities","FALSE",4,"Autonomous and Local Entities",
"bank-financing","FALSE",3,"Bank Financing",
"banking-system","FALSE",3,"Banking System",
"banking-system-restructuring","FALSE",2,"Banking System Restructuring",
"basket-grants","FALSE",4,"Basket Grants",
"bceao-credit","FALSE",3,"BCEAO credit",
"bilateral","FALSE",3,"Bilateral",
"block-allocations","FALSE",3,"Block Allocations",
"block-grants-to-states","FALSE",5,"Block grants to states",
"budgetary-loans","FALSE",4,"Budgetary Loans",
"budget-grants","FALSE",3,"Budget Grants",
"budget-loans","FALSE",3,"Budget Loans",
"budget-reserve","FALSE",3,"Budget Reserve",
"budget-support","FALSE",3,"Budget Support",
"budget-support-grants","FALSE",3,"Budget Support Grants",
"budget-support-loans","FALSE",4,"Budget Support Loans",
"business","FALSE",5,"Business",
"capital","FALSE",3,"Capital",
"capital-expenditure","FALSE",2,"Capital Expenditure",
"capital-expenditure-and-net-lending","FALSE",2,"Capital Expenditure and Net Lending",
"capital-expenditures","FALSE",3,"Capital Expenditures",
"capital-gain-tax","FALSE",5,"Capital Gain Tax",
"capital-grants","FALSE",3,"Capital Grants",
"capitalization-of-state-owned-enterpsirses","FALSE",3,"Capitalization of State Owned Enterpsirses",
"capital-revenue","FALSE",3,"Capital Revenue",
"capital-transfers","FALSE",3,"Capital Transfers",
"cash-and-deposits","FALSE",3,"Cash and deposits",
"cash-basis-adjustment","FALSE",2,"Cash Basis Adjustment","grey-mid"
"cash-float-and-discrepancy","FALSE",2,"Cash Float and Discrepancy","grey-mid"
"census","FALSE",4,"Census",
"central-bank","FALSE",3,"Central Bank",
"central-bank-of-sudan-cbos","FALSE",4,"Central Bank of Sudan (CBOS)",
"central-bank-of-the-gambia-unrealized-profits","FALSE",3,"Central Bank of The Gambia (Unrealized Profits)",
"central-bank-operating-balance","FALSE",4,"Central Bank Operating Balance",
"central-bank-operational-deficit","FALSE",3,"Central Bank Operational Deficit",
"change-in-amortization-arrears","FALSE",3,"Change in Amortization Arrears",
"change-in-arrears","FALSE",3,"Change in Arrears",
"change-in--arrears","FALSE",3,"Change in  arrears",
"change-in-caital-arrears","FALSE",3,"Change in caital arrears",
"change-in-international-arrears","FALSE",3,"Change in international arrears",
"change-in-net-domestic-arrears","FALSE",3,"Change in Net Domestic Arrears",
"check-float-plus-discrepancy","FALSE",2,"Check float Plus Discrepancy","grey-mid"
"cigarette-tax","FALSE",5,"Cigarette Tax",
"civil-service","FALSE",4,"Civil Service",
"civil-service-reform","FALSE",3,"Civil Service Reform",
"claims-on-government","FALSE",4,"Claims on government",
"clearance-of-arrears","FALSE",4,"Clearance of Arrears",
"clearance-of-zesco-tax-arrear","FALSE",4,"Clearance of Zesco Tax Arrear",
"combined-security-transition-command-afghanistan","FALSE",4,"Combined Security Transition Command Afghanistan",
"commercial-banks","FALSE",3,"Commercial Banks",
"commercial-borrowing","FALSE",4,"Commercial Borrowing",
"common-charges","FALSE",4,"Common Charges",
"compact-special","FALSE",4,"Compact Special",
"companies-income-tax","FALSE",4,"Companies' Income Tax",
"company-income-tax","FALSE",4,"Company Income Tax",
"compensation-of-employees","FALSE",3,"Compensation of employees",
"compensation-to-employees","FALSE",3,"Compensation to Employees",
"concessional-loans","FALSE",3,"Concessional Loans",
"concessional-project-loans","FALSE",4,"Concessional Project Loans",
"conditional-grants","FALSE",5,"Conditional Grants",
"conditional-transfers","FALSE",5,"Conditional transfers",
"constitutional-reform","FALSE",3,"Constitutional Reform",
"contingency","FALSE",3,"Contingency",
"corporate-income-tax","FALSE",5,"Corporate Income Tax",
"corporate-tax","FALSE",4,"Corporate Tax",
"counterpart-fundsfinanced-operations","FALSE",3,"Counterpart Funds-Financed Operations",
"currency-and-deposits","FALSE",4,"Currency and deposits",
"current","FALSE",3,"Current",
"current-grants","FALSE",3,"Current Grants",
"current-transfers","FALSE",4,"Current Transfers",
"customs-administration","FALSE",4,"Customs Administration",
"customs-and-excise","FALSE",4,"Customs and Excise",
"customs-and-excise-duties","FALSE",5,"Customs and Excise Duties",
"customs-duties","FALSE",3,"Customs Duties",
"customs-levies","FALSE",4,"Customs Levies",
"customs-levies-funds","FALSE",5,"Customs Levies Funds",
"customs-receipts","FALSE",4,"Customs Receipts",
"debt-buyback","FALSE",3,"Debt Buyback",
"debt-cancellation","FALSE",3,"Debt Cancellation",
"debt-reduction","FALSE",3,"Debt Reduction",
"debt-relief","FALSE",3,"Debt Relief",
"debt-relief-and-heavily-indebted-poor-countries--initiative-assistance","FALSE",3,"Debt Relief and Heavily Indebted Poor Countries  Initiative Assistance",
"debt-relief-obtained","FALSE",3,"Debt relief Obtained",
"debt-repurchase","FALSE",3,"Debt repurchase",
"debt-rescheduling","FALSE",2,"Debt Rescheduling","grey-mid"
"debt-securities","FALSE",3,"Debt Securities",
"debt-securities-net","FALSE",4,"Debt securities (net)",
"dedicated-grants","FALSE",3,"Dedicated Grants",
"defense","FALSE",5,"Defense",
"defense-and-national-security-intelligence-service","FALSE",3,"Defense and National Security Intelligence Service",
"defense-spending","FALSE",3,"Defense Spending",
"deferred-wages","FALSE",4,"Deferred wages",
"demobilization-and-reintegration--project","FALSE",3,"Demobilization and Reintegration  Project",
"deposit-money-banks","FALSE",3,"Deposit Money Banks",
"deposits-abroad","FALSE",4,"Deposits Abroad",
"deposits-at-the-bceao","FALSE",3,"Deposits at the BCEAO",
"development-budget","FALSE",2,"Development Budget",
"development-expenditure","FALSE",2,"Development Expenditure",
"direct-and-indirect-taxes","FALSE",4,"Direct and Indirect Taxes",
"direct-tax","FALSE",4,"Direct Tax",
"direct-taxes","FALSE",4,"Direct taxes",
"disbursement","FALSE",3,"Disbursement",
"disbursements","FALSE",3,"Disbursements",
"discrepancy","FALSE",2,"Discrepancy","grey-mid"
"discrepancy-unexplained","FALSE",3,"Discrepancy (Unexplained)","grey-mid"
"dividend-and-interest-income","FALSE",4,"Dividend and Interest Income",
"dividends","FALSE",4,"Dividends",
"dividends-from-stateowned-enterprises","FALSE",4,"Dividends from state-owned enterprises",
"domestic","FALSE",4,"Domestic",
"domestically-financed","FALSE",3,"Domestically Financed",
"domestic-arrears","FALSE",3,"Domestic Arrears",
"domestic-arrears-payments","FALSE",2,"Domestic Arrears Payments",
"domestic-banks","FALSE",3,"Domestic banks",
"domestic-borrowing","FALSE",3,"Domestic Borrowing",
"domestic-capital-participation","FALSE",3,"Domestic Capital Participation",
"domestic-crude","FALSE",4,"Domestic Crude",
"domestic-debt-sukuk","FALSE",4,"Domestic debt (sukuk)",
"domestic-funds","FALSE",3,"Domestic Funds",
"domestic-indirect-taxes","FALSE",5,"Domestic Indirect Taxes",
"domestic-petroleum-taxes","FALSE",4,"Domestic Petroleum Taxes",
"domestic-sales","FALSE",4,"Domestic Sales",
"domestic-taxes","FALSE",3,"Domestic Taxes",
"drawings","FALSE",3,"Drawings",
"drought-expenditures","FALSE",3,"Drought Expenditures",
"earmarked-revenue","FALSE",4,"Earmarked Revenue",
"ebolarelated","FALSE",3,"Ebola-Related",
"ebolarelated-grants","FALSE",3,"Ebola-related Grants",
"ebolarelated-loans","FALSE",4,"Ebola-related Loans",
"economic-governance-and-private-sector-development","FALSE",3,"Economic Governance and Private Sector Development",
"education","FALSE",3,"Education",
"education-free-primary-and-secondary","FALSE",4,"Education (free primary and secondary)",
"education-fund","FALSE",5,"Education Fund",
"education-funding","FALSE",5,"Education Funding",
"education-swap","FALSE",4,"Education Swap",
"elections","FALSE",3,"Elections",
"electricity","FALSE",5,"Electricity",
"emergency-and-contingency-fund","FALSE",4,"Emergency and contingency fund",
"emergency-assistance","FALSE",3,"Emergency Assistance",
"emergency-assistance-food-and-nonfood-aid","FALSE",3,"Emergency Assistance (Food and Nonfood Aid)",
"emergency-assistance-food-and-other-emergency-aid","FALSE",3,"Emergency Assistance (Food and Other Emergency Aid)",
"energy-sector","FALSE",4,"Energy Sector",
"equity-and-investment-fund-shares","FALSE",3,"Equity and investment fund shares",
"exceptional-expenditure","FALSE",3,"Exceptional Expenditure",
"exceptional-financing","FALSE",3,"Exceptional Financing",
"exceptional-revenue-from-the-mining-industry","FALSE",5,"Exceptional revenue from the mining industry",
"exceptional-security","FALSE",4,"Exceptional Security",
"excises","FALSE",4,"Excises",
"excises-on-petroleum-products","FALSE",5,"Excises on Petroleum Products",
"excise-taxes","FALSE",4,"Excise Taxes",
"exeptional-finanancing","FALSE",3,"Exeptional finanancing",
"exonerations","FALSE",4,"Exonerations",
"explicit-fuel-subsidy","FALSE",3,"Explicit Fuel Subsidy",
"external","FALSE",4,"External",
"external-arrears","FALSE",3,"External Arrears",
"external-debt-service","FALSE",3,"External debt service",
"external-interest-payment-cash","FALSE",3,"External Interest Payment, Cash",
"externally-financed","FALSE",3,"Externally Financed",
"externally-financed-special-programs","FALSE",3,"Externally Financed Special Programs",
"externally-grant-financed","FALSE",3,"Externally grant financed",
"external-project-grants","FALSE",3,"External Project Grants",
"external-project-loans","FALSE",3,"External Project Loans",
"extrabudgetary-expenditure","FALSE",2,"Extrabudgetary Expenditure",
"extrabudgetary-funds","FALSE",2,"Extrabudgetary Funds",
"extraction-royalty","FALSE",4,"Extraction Royalty",
"federal","FALSE",4,"Federal",
"federal-excise-duty","FALSE",5,"Federal Excise Duty",
"federal-government-capital-expenditure","FALSE",3,"Federal Government Capital Expenditure",
"federal-government-expenditure","FALSE",2,"Federal Government Expenditure",
"federal-government-extrabudgetary-funds","FALSE",3,"Federal Government Extrabudgetary Funds",
"federal-government-independent-revenue","FALSE",4,"Federal Government Independent Revenue",
"federal-government-recurrent-expenditure","FALSE",3,"Federal Government Recurrent Expenditure",
"federal-government-tax-revenue","FALSE",4,"Federal Government Tax Revenue",
"federal-nontax","FALSE",4,"Federal Nontax",
"fees-and-penalties","FALSE",4,"Fees and Penalties",
"fees-from-sectoral-ministries","FALSE",4,"Fees from sectoral ministries",
"fertilizer-and-seed-subsidy","FALSE",4,"Fertilizer and Seed Subsidy",
"fertilizer-support-program","FALSE",5,"Fertilizer Support Program",
"financial-transfer","FALSE",5,"Financial transfer",
"financing","FALSE",1,"Financing","purple-high"
"financing-gap","FALSE",2,"Financing Gap",
"fishing-access-revenue","FALSE",4,"Fishing Access Revenue",
"float","FALSE",2,"Float",
"fonds-de-soutien-à-lénergie","FALSE",4,"Fonds De Soutien À L'Énergie",
"food-account","FALSE",3,"Food account",
"fooddebt-relief-grants","FALSE",3,"Food/debt relief grants",
"food-security","FALSE",3,"Food Security",
"food-subsidies","FALSE",5,"Food Subsidies",
"foreign","FALSE",4,"Foreign",
"foreign-asset-acquisition","FALSE",3,"Foreign Asset Acquisition",
"foreign-bank-accounts","FALSE",3,"Foreign bank accounts",
"foreign-financed","FALSE",3,"Foreign Financed",
"foreignfinanced-current-expenditure","FALSE",3,"Foreign-Financed Current Expenditure",
"forest-industry","FALSE",5,"Forest Industry",
"fuel","FALSE",5,"Fuel",
"fuel-stabilization-fees","FALSE",4,"Fuel Stabilization Fees",
"fuel-subsidies","FALSE",4,"Fuel Subsidies",
"gas-infrastructure-development-cess","FALSE",5,"Gas Infrastructure Development Cess",
"gas-sales","FALSE",4,"Gas Sales",
"gas-surcharges-and-other","FALSE",5,"Gas Surcharges and Other",
"general","FALSE",4,"General",
"generic-goods-and-services","FALSE",4,"Generic Goods and Services",
"global-fund","FALSE",4,"Global Fund",
"goods-and-services","FALSE",3,"Goods and services",
"goods-and-services-and-transfers","FALSE",3,"Goods and Services and Transfers",
"governance-rule-of-law-and-human-rights","FALSE",3,"Governance, Rule of Law, and Human Rights",
"government-crude-receipts","FALSE",4,"Government Crude Receipts",
"government-deposits","FALSE",4,"Government deposits",
"government-deposits-abroad","FALSE",3,"Government Deposits Abroad",
"governments-grants-financed","FALSE",3,"Government's grants financed",
"government-share-from-oil-exports","FALSE",4,"Government Share from Oil Exports",
"grants","FALSE",2,"Grants","blue-high"
"grants-current-excl-fonds-de-soutien-à-lénergie","FALSE",3,"Grants (current excl. Fonds de Soutien à l'Énergie)",
"grants-from-india","FALSE",3,"Grants from India",
"grants-to-development-budget","FALSE",3,"Grants to Development Budget",
"grants-to-operating-budget","FALSE",3,"Grants To Operating Budget",
"grants-to-other-government-units","FALSE",3,"Grants to Other Government Units",
"gross-financing-gap","FALSE",3,"Gross financing gap",
"gross-revenue-tax","FALSE",4,"Gross Revenue Tax",
"health","FALSE",3,"Health",
"health-swap","FALSE",4,"Health Swap",
"heavily-indebted-poor-countries-and-multilateral-debt-relief-initiative-assistance","FALSE",3,"Heavily Indebted Poor Countries and Multilateral Debt Relief Initiative Assistance",
"heavily-indebted-poor-countries-and-multilateral-debt-relief-initiative-current-spending","FALSE",3,"Heavily Indebted Poor Countries and Multilateral Debt Relief Initiative Current Spending",
"heavily-indebted-poor-countries-and-multilateral-debt-relief-initiative-financed","FALSE",4,"Heavily Indebted Poor Countries and Multilateral Debt Relief Initiative financed",
"heavily-indebted-poor-countries-debt-relief","FALSE",3,"Heavily Indebted Poor Countries Debt Relief",
"heavily-indebted-poor-countries-grant-relief","FALSE",3,"Heavily Indebted Poor Countries Grant Relief",
"heavily-indebted-poor-countries-initiative-funded-expenditure","FALSE",3,"Heavily Indebted Poor Countries Initiative Funded Expenditure",
"heavily-indebted-poor-countries-initiative-resources","FALSE",4,"Heavily Indebted Poor Countries Initiative Resources",
"heavily-indebted-poor-countries-interim-relief","FALSE",2,"Heavily Indebted Poor Countries Interim Relief","grey-mid"
"heavily-indebted-poor-countries-multilateral","FALSE",3,"Heavily Indebted Poor Countries Multilateral",
"hipc-grant-relief","FALSE",3,"Hipc Grant Relief",
"hipcmdri-debt-relief","FALSE",4,"HIPC/MDRI Debt Relief",
"hydrocongo","FALSE",5,"Hydrocongo",
"imf","FALSE",3,"IMF",
"imf-and-specifical-drawing-rights","FALSE",4,"IMF and specifical drawing rights",
"implicit-fuel-subsidy","FALSE",3,"Implicit Fuel Subsidy",
"import-and-excise-duties","FALSE",4,"Import and Excise Duties",
"import-duties","FALSE",4,"Import Duties",
"import-duties-and-taxes","FALSE",5,"Import Duties and Taxes",
"import-duty","FALSE",4,"Import Duty",
"import-taxall-others","FALSE",5,"Import Tax:All Others",
"import-taxes","FALSE",4,"Import Taxes",
"import-taxfuel","FALSE",5,"Import Tax:Fuel",
"income","FALSE",4,"Income",
"income-and-profits","FALSE",4,"Income and Profits",
"income-profits-and-capital-gains","FALSE",4,"Income, profits and capital gains",
"income-profits-property-and-other-taxes","FALSE",4,"Income, Profits, Property and Other Taxes",
"income-taxes","FALSE",4,"Income Taxes",
"indirect-tax","FALSE",4,"Indirect Tax",
"indirect-taxes","FALSE",4,"Indirect Taxes",
"individuals","FALSE",5,"Individuals",
"infrastructure-and-natural-resources","FALSE",3,"Infrastructure And Natural Resources",
"infrastructure-levy","FALSE",4,"Infrastructure levy",
"instituto-para-el-desarrollo-humano-and-royalties","FALSE",4,"Instituto Para El Desarrollo Humano and Royalties",
"interest","FALSE",3,"Interest",
"interest-on-deposits","FALSE",2,"Interest on Deposits",
"interest-payments","FALSE",3,"Interest payments",
"intergovernmental-transfers","FALSE",4,"Intergovernmental Transfers",
"international-trade","FALSE",4,"International trade",
"international-trade-taxes","FALSE",4,"International Trade Taxes",
"investment","FALSE",4,"Investment",
"investment-expenditure","FALSE",2,"Investment Expenditure",
"investment-income","FALSE",4,"Investment Income",
"investment-management-guidelines-for-heavily-indebted-poor-countries-initiative-assistance","FALSE",3,"Investment Management Guidelines for Heavily Indebted Poor Countries Initiative Assistance",
"investments-abroad","FALSE",3,"Investments Abroad",
"issuance-of-promissory-notes-for-securitizing-domestic-arrears","FALSE",2,"Issuance of promissory notes for securitizing domestic arrears",
"japanese-debt-relief-account","FALSE",3,"Japanese Debt Relief Account",
"licenses","FALSE",5,"Licenses",
"liquidation-of-recovered-government-assets","FALSE",2,"Liquidation of Recovered Government Assets",
"loans","FALSE",3,"Loans",
"local-authorities","FALSE",3,"Local Authorities",
"local-authority-transfer-fund","FALSE",4,"Local Authority Transfer Fund",
"local-government-authority","FALSE",4,"Local Government Authority",
"local-government-fees","FALSE",4,"Local Government Fees",
"local-government-taxes","FALSE",5,"Local Government Taxes",
"maize-purchases","FALSE",4,"Maize Purchases",
"military","FALSE",4,"Military",
"millennium-challenge-account-funding","FALSE",3,"Millennium Challenge Account Funding",
"mineral-royalty","FALSE",4,"Mineral Royalty",
"mining-royalties","FALSE",5,"Mining Royalties",
"mining-taxes","FALSE",3,"Mining Taxes",
"ministerial-and-departmental-fees-aia","FALSE",4,"Ministerial and Departmental Fees (AIA)",
"ministerial-recurrent-aia","FALSE",4,"Ministerial Recurrent AIA",
"mitigating-measures","FALSE",4,"Mitigating Measures",
"monuc-receipts","FALSE",4,"Monuc Receipts",
"multilateral","FALSE",3,"Multilateral",
"multilateral-debt-relief-initiative-assistance","FALSE",3,"Multilateral Debt Relief Initiative Assistance",
"multilateral-debt-relief-initiative--assistance-via-the-central-bank","FALSE",3,"Multilateral Debt Relief Initiative  assistance via the central bank",
"multilateral-debt-relief-initiative--capital-transfer","FALSE",3,"Multilateral Debt Relief Initiative  capital transfer",
"multilateral-debt-relief-initiative-grants","FALSE",3,"Multilateral Debt Relief Initiative grants",
"multilateral-debt-relief-initiative--grants","FALSE",3,"Multilateral Debt Relief Initiative  Grants",
"multilateral-debt-relief-initiative-imf-grant-relief","FALSE",3,"Multilateral Debt Relief Initiative (Imf) Grant Relief",
"multilateral-debt-relief-initiative-imf-related","FALSE",4,"Multilateral Debt Relief Initiative (IMF) Related",
"multipurpose-development-projects","FALSE",3,"Multi-Purpose Development Projects",
"national-aids-commission","FALSE",4,"National Aids Commission",
"national-and-local-elections","FALSE",4,"National and Local Elections",
"national-board-of-revenue-nbr-taxes","FALSE",4,"National Board of Revenue (NBR) taxes",
"national-departments","FALSE",4,"National Departments",
"nationalization-cost","FALSE",4,"Nationalization Cost",
"national-judicial-council","FALSE",5,"National Judicial Council",
"national-refinery-coraf","FALSE",5,"National Refinery (Coraf)",
"nato-training-missionafghanistan","FALSE",4,"NATO Training Mission-Afghanistan",
"net-acquisition-of-domestic-financial-assets","FALSE",3,"Net acquisition of domestic financial assets",
"net-acquisition-of-financial-assets","FALSE",3,"Net acquisition of financial assets",
"net-acquisition-of-foriegn-financial-assets","FALSE",3,"Net acquisition of foriegn financial assets",
"net-domestic-credit","FALSE",2,"Net domestic credit",
"net-domestic-finance","FALSE",2,"Net Domestic Finance",
"net-errors-and-omissions","FALSE",2,"Net Errors and Omissions","grey-mid"
"net-exceptional-financing","FALSE",2,"Net exceptional financing",
"net-external-finance","FALSE",2,"Net External Finance",
"net-external-financing","FALSE",2,"Net external financing",
"net-incurrence-of-domestic-liabilities","FALSE",3,"Net incurrence of domestic liabilities",
"net-incurrence-of-foreign-liabilities","FALSE",3,"Net incurrence of foreign liabilities",
"net-lending","FALSE",2,"Net Lending",
"net-other-liabilities","FALSE",2,"Net other liabilities",
"net-transfers","FALSE",3,"Net Transfers",
"new-expenditure-on-education","FALSE",4,"New Expenditure on Education",
"new-police-force-ssr-program","FALSE",3,"New Police Force (Ssr Program)",
"nigerian-national-petroleum-corporation-cash-calls","FALSE",5,"Nigerian National Petroleum Corporation Cash Calls",
"nonannual-development-program--adp-capital-spending","FALSE",3,"Non-Annual Development Program  (ADP) capital spending",
"nonbank-financing","FALSE",3,"Nonbank Financing",
"nonbanks","FALSE",3,"Nonbanks",
"nonconcessional-borrowing","FALSE",3,"Non-Concessional Borrowing",
"nonconcessional-loans","FALSE",3,"Nonconcessional Loans",
"none","FALSE",2,"None",
"non-heavily-indebted-poor-countries-and-multilateral-debt-relief-initiative-financed","FALSE",4,"Non Heavily Indebted Poor Countries and Multilateral Debt Relief Initiative financed",
"non-hipcrelated-bilateral-rescheduling","FALSE",3,"Non HIPC-related bilateral rescheduling",
"noninterest-recurrent-expenditures","FALSE",3,"Noninterest Recurrent Expenditures",
"nonmining-taxes","FALSE",3,"Non-mining Taxes",
"nonnational-board-of-revenue-nbr-taxes","FALSE",4,"Non-National Board of Revenue (NBR) taxes",
"nonoil","FALSE",4,"Non-Oil",
"nonoil-revenue","FALSE",3,"Non-Oil Revenue",
"nonproject","FALSE",3,"Nonproject",
"nonproject-financing","FALSE",4,"Nonproject Financing",
"nonproject-support","FALSE",4,"Nonproject Support",
"non-regularized-spending","FALSE",3,"Non regularized spending",
"non-resource-revenue","FALSE",3,"Non Resource Revenue",
"nonresource-revenue","FALSE",4,"Nonresource Revenue",
"nontax","FALSE",3,"Nontax",
"nontax-revenue","FALSE",3,"Nontax Revenue",
"nontax-revenue-with-grants-and-balance","FALSE",4,"Nontax Revenue with Grants and Balance",
"offbudget-grantfinanced-current-spending","FALSE",4,"Off-budget grant-financed current spending",
"offbudget-grants","FALSE",3,"Off-Budget Grants",
"of-which--gold-sector","FALSE",5,"Of which:  Gold sector",
"of-which--other","FALSE",5,"of which:  Other",
"oil","FALSE",4,"Oil",
"oil-and-gas-surcharges-and-other","FALSE",5,"Oil And Gas Surcharges And Other",
"oil-bonuses","FALSE",2,"Oil Bonuses","grey-mid"
"oil-exports-revenues","FALSE",4,"Oil Exports Revenues",
"oil-revenue","FALSE",3,"Oil revenue",
"oil-royalty-and-rent","FALSE",5,"Oil Royalty and Rent",
"oil-sales","FALSE",4,"Oil Sales",
"oil-transit-fees","FALSE",4,"Oil Transit Fees",
"operating-expenses","FALSE",3,"Operating Expenses",
"other","FALSE",3,"Other",
"other-accounts-payable","FALSE",3,"Other accounts payable",
"otheraccountsreceivable","FALSE",4,"Other accounts receivable",
"other-accounts-receivable","FALSE",3,"Other accounts receivable",
"other-amortization","FALSE",4,"Other Amortization",
"other-borrowing","FALSE",4,"Other Borrowing",
"other-budget-grants","FALSE",4,"Other Budget Grants",
"other-capital-expenditure","FALSE",3,"Other Capital Expenditure",
"other-concessional","FALSE",4,"Other Concessional",
"other-current","FALSE",3,"Other Current",
"other-current-expenditure","FALSE",3,"Other Current Expenditure",
"other-current-grants","FALSE",4,"Other Current Grants",
"other-direct-taxes","FALSE",5,"Other Direct Taxes",
"other-disbursements","FALSE",4,"Other Disbursements",
"other-doemstic","FALSE",3,"Other Doemstic",
"other-domestic","FALSE",3,"Other Domestic",
"other-domestically-financed","FALSE",4,"Other Domestically Financed",
"other-domestic-finance","FALSE",3,"Other Domestic Finance",
"other-domnestically-financed","FALSE",4,"Other Domnestically Financed",
"other-earmarked-grants","FALSE",3,"Other earmarked grants",
"other-excess-crude-account","FALSE",3,"Other Excess Crude Account",
"other-expenditure","FALSE",2,"Other Expenditure","grey-mid"
"other-expenditures","FALSE",2,"Other Expenditures",
"other-expense","FALSE",3,"Other Expense",
"other-expenses","FALSE",3,"Other expenses",
"other-external","FALSE",3,"other External",
"other-external-finance","FALSE",3,"Other External Finance",
"other-external-financing","FALSE",3,"Other External Financing",
"other-federal-taxes","FALSE",5,"Other Federal Taxes",
"other-finance","FALSE",2,"Other Finance","grey-mid"
"other-financing","FALSE",2,"Other Financing","grey-mid"
"other-foreign-finance","FALSE",3,"Other Foreign Finance",
"other-goods-and-services","FALSE",4,"Other Goods and Services",
"other-goods-and-services-and-transfers","FALSE",4,"Other Goods and Services and Transfers",
"other-grants","FALSE",3,"Other Grants",
"other-hydrocarbon-tax","FALSE",4,"Other Hydrocarbon Tax",
"other-indirect-taxes","FALSE",5,"Other Indirect Taxes",
"other-investment-expenditure","FALSE",4,"Other Investment Expenditure",
"other-loans","FALSE",4,"other loans",
"other-loans-incl-standard-gauge-railway-loan-from-china","FALSE",4,"Other loans (incl. Standard Gauge Railway loan from China)",
"other-national-board-of-revenue-nbr-taxes","FALSE",5,"other National Board of Revenue (NBR) taxes",
"other-nontax","FALSE",4,"Other Nontax",
"other-nontax-revenue","FALSE",4,"Other Non-tax Revenue",
"other-nontax-revenues","FALSE",4,"Other Nontax Revenues",
"other-nonwage","FALSE",3,"Other Nonwage",
"other-oil-revenue","FALSE",4,"Other Oil Revenue",
"other-oil-taxes","FALSE",4,"Other Oil Taxes",
"other-primary-current-expenditure","FALSE",3,"Other Primary Current Expenditure",
"other-recurrent","FALSE",3,"Other Recurrent",
"other-revenue","FALSE",3,"Other revenue",
"other-revenues","FALSE",3,"Other Revenues",
"others","FALSE",5,"Others",
"other-subsidies","FALSE",4,"Other Subsidies",
"other-subsidies-and-transfers","FALSE",4,"Other Subsidies and Transfers",
"other-tax","FALSE",5,"Other Tax",
"other-taxes","FALSE",4,"Other Taxes",
"other-taxes-on-good-and-services","FALSE",5,"Other Taxes on Good and Services",
"other-tax-revenues","FALSE",4,"Other tax revenues",
"other-transfers","FALSE",4,"Other Transfers",
"other-transfers-and-subsidies","FALSE",4,"Other Transfers and Subsidies",
"overhead-cost","FALSE",4,"Overhead Cost",
"paid","FALSE",4,"Paid",
"pay-and-allowances","FALSE",3,"Pay And Allowances",
"payments-for-peacekeeping-operations","FALSE",4,"Payments for Peacekeeping Operations",
"payroll-and-workforce","FALSE",4,"Payroll and Workforce",
"peace-agreement","FALSE",4,"Peace agreement",
"peacekeeping-operations-and-demobilization","FALSE",3,"Peacekeeping Operations and Demobilization",
"penalties-and-fines","FALSE",5,"Penalties and Fines",
"pending-bills","FALSE",3,"Pending Bills",
"pension-and-gratuities","FALSE",4,"Pension and Gratuities",
"pensions","FALSE",3,"Pensions",
"pensions-and-other-consolidated-fund-services","FALSE",3,"Pensions and Other Consolidated Fund Services",
"pensions-and-scholarships","FALSE",3,"Pensions and Scholarships",
"pensions-for-defense-and-civil-government","FALSE",6,"Pensions for defense and civil government",
"personal-income-tax","FALSE",4,"Personal Income Tax",
"personnel","FALSE",4,"Personnel",
"petrocaribe","FALSE",4,"Petrocaribe",
"petroleum-profit-tax","FALSE",4,"Petroleum Profit Tax",
"petroleum-profit-tax-and-royalty","FALSE",4,"Petroleum Profit Tax and Royalty",
"petroleum-royalties-and-taxes","FALSE",4,"Petroleum (Royalties And Taxes)",
"petroleum-royalty","FALSE",4,"Petroleum Royalty",
"petroleum-surcharge","FALSE",5,"Petroleum Surcharge",
"poverty-reducing-expenditure","FALSE",3,"Poverty Reducing Expenditure",
"primary-current-spending","FALSE",3,"Primary Current Spending",
"primary-expenditure","FALSE",3,"Primary Expenditure",
"principal-repayment","FALSE",3,"Principal Repayment",
"privatization","FALSE",3,"Privatization",
"privatization-proceeds","FALSE",2,"Privatization Proceeds","grey-mid"
"privatization-receipts","FALSE",3,"Privatization Receipts",
"profit-taxes","FALSE",4,"Profit Taxes",
"profit-transfers","FALSE",4,"Profit Transfers",
"program","FALSE",4,"Program",
"program-grants","FALSE",3,"Program Grants",
"program-loans","FALSE",3,"Program Loans",
"programs","FALSE",4,"Programs",
"project","FALSE",4,"Project",
"project-financing","FALSE",4,"Project Financing",
"project-grants","FALSE",3,"Project Grants",
"project-loans","FALSE",3,"Project Loans",
"projects-loans","FALSE",4,"Projects Loans",
"property","FALSE",4,"Property",
"property-income","FALSE",4,"Property Income",
"protection-of-basic-services-pbs","FALSE",4,"Protection of Basic Services (PBS)",
"provinces","FALSE",4,"Provinces",
"provincial","FALSE",4,"Provincial",
"provincial-expenditure","FALSE",3,"Provincial Expenditure",
"provincial-nontax","FALSE",4,"Provincial Nontax",
"provincial-revenue-tax-revenue","FALSE",4,"Provincial Revenue Tax Revenue",
"provincial-taxes","FALSE",4,"Provincial Taxes",
"public-enterprises-operating-balance","FALSE",4,"Public Enterprises Operating Balance",
"public-financial-and-economic-management-pfem","FALSE",4,"Public Financial and Economic Management (PFEM)",
"public-investment","FALSE",2,"Public Investment",
"public-investment-program","FALSE",3,"Public Investment Program",
"public-sector-development-program","FALSE",3,"Public Sector Development Program",
"public-service-retrenchment","FALSE",3,"Public Service Retrenchment",
"purchases-of-goods-and-services","FALSE",3,"Purchases of Goods and Services",
"quasifiscal-expenditures","FALSE",3,"Quasi-Fiscal Expenditures",
"real-estate-transaction-registration","FALSE",5,"Real estate transaction registration",
"recovered-funds","FALSE",3,"Recovered Funds",
"recurrent-departmental-charges","FALSE",3,"Recurrent Departmental Charges",
"recurrent-expenditure","FALSE",2,"Recurrent expenditure",
"refined-petroleum-products","FALSE",5,"Refined Petroleum Products",
"regional-including-tbills","FALSE",3,"Regional (including T-bills)",
"repayment-of-arrears-and-advances","FALSE",3,"Repayment of Arrears and Advances",
"repayment-of-domestic-debt","FALSE",3,"Repayment of Domestic Debt",
"repayments-due","FALSE",3,"Repayments Due",
"rescheduling--debt-swap","FALSE",3,"Rescheduling / debt swap",
"rescheduling-obtained","FALSE",3,"Rescheduling Obtained",
"reserve-fund","FALSE",4,"Reserve Fund",
"resource-revenue","FALSE",3,"Resource Revenue",
"retrocession-loans","FALSE",3,"Retrocession Loans",
"revenue","FALSE",2,"Revenue","red-high"
"revenue-from-goods","FALSE",4,"Revenue from Goods",
"revenue-from-natural-resources-and-telecoms","FALSE",4,"Revenue from natural resources and telecoms",
"revolving-credit","FALSE",4,"Revolving Credit",
"road-maintenance","FALSE",4,"Road Maintenance",
"royalties","FALSE",4,"Royalties",
"royalties-and-dividends","FALSE",4,"Royalties and Dividends",
"running-of-the-civil-government","FALSE",6,"Running of the civil government",
"rural-electrification-program","FALSE",4,"Rural Electrification Program",
"safety-net-and-other-expenditures","FALSE",3,"Safety Net and other Expenditures",
"salaries-and-wages","FALSE",5,"Salaries and Wages",
"sales-of-goods-and-services","FALSE",4,"Sales of Goods And Services",
"sales-taxvalueadded-tax","FALSE",5,"Sales Tax/Value-Added Tax",
"sectoral","FALSE",4,"Sectoral",
"security","FALSE",3,"Security",
"shared-infrastructure-and-social-spending","FALSE",4,"Shared Infrastructure and Social Spending",
"signature-bonus","FALSE",4,"Signature Bonus",
"slgs-independent-revenue","FALSE",4,"Slgs Independent Revenue",
"social-benefits","FALSE",3,"Social benefits",
"social-contributions","FALSE",3,"Social Contributions",
"social-protection","FALSE",3,"Social Protection",
"social-spending","FALSE",4,"Social Spending",
"social-transfers","FALSE",3,"Social transfers",
"société-national-déléctricité-du-sénégal-from-budget","FALSE",5,"Société National d'Éléctricité du Sénégal from budget",
"south","FALSE",4,"South",
"southern-african-customs-union","FALSE",3,"Southern African Customs Union",
"special-accounts-and-budgets","FALSE",4,"Special accounts and budgets",
"special-accounts-expenditure","FALSE",3,"Special Accounts Expenditure",
"special-accounts-revenue","FALSE",3,"Special Accounts Revenue",
"special-funds-and-annexed-budgets","FALSE",2,"Special Funds and Annexed Budgets",
"special-loans","FALSE",3,"Special Loans",
"spending-from-excess-crude-account-sovereign-wealth-fund","FALSE",2,"Spending From Excess Crude Account /Sovereign Wealth Fund",
"standard-gauge-railway-phase-1-loan-from-china","FALSE",4,"Standard Gauge Railway (phase 1) loan from China",
"standard-gauge-railway-phase-1-project","FALSE",4,"Standard Gauge Railway (phase 1) Project",
"state-and-local-government","FALSE",2,"State and Local Government",
"state-and-local-governments-internal-revenue","FALSE",4,"State And Local Governments’ Internal Revenue",
"states","FALSE",4,"States",
"state-tax-revenue","FALSE",4,"State Tax Revenue",
"statistical-fee","FALSE",4,"Statistical Fee",
"statutory-authorities","FALSE",4,"Statutory Authorities",
"statutory-expenditures","FALSE",4,"Statutory Expenditures",
"strategic-food-reserve","FALSE",5,"Strategic Food Reserve",
"structural-adjustment-payments","FALSE",5,"Structural Adjustment Payments",
"subsidies","FALSE",3,"Subsidies",
"subsidies-and-nonsecurity-transfers","FALSE",4,"Subsidies and Non-Security Transfers",
"subsidies-and-transfers","FALSE",3,"Subsidies and transfers",
"subsidies-to-société-national-déléctricité-du-sénégal-financed-by-fonds-de-soutien-à-lénergie","FALSE",5,"Subsidies to Société National d'Éléctricité du Sénégal financed by Fonds de Soutien à l'Énergie",
"supplementary-federal-expenditure","FALSE",4,"Supplementary Federal Expenditure",
"suspended-debt-service","FALSE",3,"Suspended debt service",
"tanzania-petroleum-development-corporation","FALSE",3,"Tanzania Petroleum Development Corporation",
"tax","FALSE",3,"Tax",
"tax-administration","FALSE",4,"Tax Administration",
"taxes","FALSE",3,"Taxes",
"taxes-on-goods-and-services","FALSE",4,"Taxes on Goods And Services",
"taxes-on-income-and-profits","FALSE",4,"Taxes on Income and Profits",
"taxes-on-income-profit-and-capital-gains","FALSE",4,"Taxes on Income, Profit and Capital Gains",
"taxes-on-income-profits-and-capital-gains","FALSE",4,"Taxes On Income, Profits, and Capital Gains",
"taxes-on-international-trade","FALSE",4,"Taxes on international trade",
"taxes-on-international-trade-and-transactions","FALSE",4,"Taxes on international trade and transactions",
"taxes-on-payroll-and-workforce","FALSE",4,"Taxes on payroll and workforce",
"taxes-on-petroleum-products","FALSE",4,"Taxes on petroleum products",
"taxes-on-profits-and-property","FALSE",4,"Taxes on Profits and Property",
"taxes-on-property","FALSE",4,"Taxes on property",
"tax-revenue","FALSE",3,"Tax Revenue",
"tbills-and-tbonds-west-african-economic-and-monetary-union-net","FALSE",3,"T-Bills And T-Bonds, West African Economic and Monetary Union (Net)",
"telecoms","FALSE",5,"Telecoms",
"the-law-and-order-trust-fund-forafghanistan","FALSE",4,"The Law and Order Trust Fund for Afghanistan",
"to-national-petroleum-corporation-from-oil-revenue","FALSE",4,"To National Petroleum Corporation (from oil revenue)",
"to-statutory-funds","FALSE",4,"To Statutory Funds",
"total-expenditure","FALSE",1,"Total expenditure","purple-high"
"total-revenue-and-grants","FALSE",1,"Total revenue and grants","purple-high"
"trade-taxes","FALSE",4,"Trade Taxes",
"transfer-payments","FALSE",3,"Transfer Payments",
"transfers","FALSE",4,"Transfers",
"transfers-and-oil-service-payments-to-sudan","FALSE",4,"Transfers and Oil Service Payments to Sudan",
"transfers-and-subsidies","FALSE",3,"Transfers and subsidies",
"transfers-to-oil-producing-states-and-communities","FALSE",5,"Transfers to oil producing states and communities",
"transfers-to-public-entities","FALSE",4,"Transfers to Public Entities",
"transfers-to-public-services-pension-fund","FALSE",4,"Transfers to Public Services Pension Fund",
"transfers-to-road-and-revenue-authorities","FALSE",4,"Transfers To Road and Revenue Authorities",
"transfers-to-states","FALSE",4,"Transfers to states",
"transfers-to-subnational-government","FALSE",3,"Transfers to Subnational Government",
"transfers-to-tanzania-electric-supply-company","FALSE",4,"Transfers to Tanzania Electric Supply Company",
"transfers-to-the-uganda-revenue-authority","FALSE",3,"Transfers to the Uganda Revenue Authority",
"transfer-to-niger-delta-dev-comm","FALSE",5,"Transfer To Niger Delta Dev. Comm.",
"transit-fees","FALSE",4,"Transit Fees",
"transitional-financial-arrangement","FALSE",4,"Transitional Financial Arrangement",
"transitional-treasury-accounts-at-bank-of-the-republic-of-burundi","FALSE",3,"Transitional Treasury Accounts at Bank of the Republic of Burundi",
"transportation-and-transit-fees","FALSE",5,"Transportation and transit fees",
"travel","FALSE",4,"Travel",
"treasury","FALSE",4,"Treasury",
"treasury-correspondent-accounts","FALSE",3,"Treasury Correspondent Accounts",
"treasury-operations","FALSE",3,"Treasury Operations",
"unallocated-expenditure","FALSE",2,"Unallocated expenditure",
"under-the-energy-sector-levy-act","FALSE",4,"Under the Energy Sector Levy Act",
"use-of-goods-and-services","FALSE",3,"Use of Goods and Services",
"valueadded-tax","FALSE",4,"Value-added Tax",
"valueadded--tax-and-supplementary-duties","FALSE",5,"Value_added  Tax and Supplementary Duties",
"value-added-taxtax-on-turnovers","FALSE",5,"Value Added Tax/Tax on Turnovers",
"wage-and-salary-tax","FALSE",4,"Wage and Salary Tax",
"wages","FALSE",3,"Wages",
"wages-and-salaries","FALSE",3,"Wages and Salaries",
"wheat-subsidies","FALSE",4,"Wheat Subsidies",
"crops","TRUE",3,"Crops",
"abi-zonal-agricultural-research-and-development-institute","TRUE",3,"Abi Zonal Agricultural Research And Development Institute",
"africa-development-bank","TRUE",5,"Africa Development Bank (401)",
"africa-development-fund","TRUE",4,"Africa Development Fund (402)",
"african-development-bank","TRUE",5,"African Development Bank (401)",
"african-development-bank-iv-support-to-secondary-education","TRUE",4,"African Development Bank Iv Support To Secondary Education",
"african-devlopment-bank","TRUE",4,"African Devlopment Bank (401)",
"african-union","TRUE",5,"African Union",
"agricultural-statistical-unit","TRUE",4,"Agricultural Statistical Unit",
"agricultural-technology-and-agribusiness-advisory-services","TRUE",3,"Agricultural Technology And Agribusiness Advisory Services",
"agriculture","TRUE",1,"Agriculture","yellow-mid"
"agriculture-advisory-services","TRUE",3,"Agriculture Advisory Services",
"agriculture-cluster-development-project","TRUE",4,"Agriculture Cluster Development Project",
"agriculture-production-marketing-regulation","TRUE",4,"Agriculture Production, Marketing & Regulation",
"agriculture-techonology-transfer-cassava-value-chain-project","TRUE",4,"Agriculture Techonology Transfer Cassava Value Chain Project",
"albertine-region-sustainable-development-project","TRUE",4,"Albertine Region Sustainable Development Project",
"animal-production-department","TRUE",4,"Animal Production Department",
"animal-resources","TRUE",3,"Animal Resources",
"arab-bank-for-economic-development-in-africa","TRUE",5,"Arab Bank For Economic Development In Africa (403)",
"arua-referral-hospital","TRUE",3,"Arua Referral Hospital",
"avian-and-human-influenza-preparedness-and-response","TRUE",4,"Avian And Human Influenza Preparedness And Response",
"basic-education","TRUE",4,"Basic Education",
"belgium","TRUE",5,"Belgium (504)",
"buginyaya-zonal-agricultural-research-and-development-institute","TRUE",3,"Buginyaya Zonal Agricultural Research And Development Institute",
"bulindi-zonal-agricultural-research-and-development-institute","TRUE",3,"Bulindi Zonal Agricultural Research And Development Institute",
"business-technical-vocational-education-and-training","TRUE",4,"Business Technical Vocational Education And Training",
"busitema-university","TRUE",3,"Busitema University",
"butabika-hospital","TRUE",3,"Butabika Hospital",
"capital","TRUE",3,"Capital",
"central-government","TRUE",3,"Central Government",
"central-government---skills-development","TRUE",3,"Central Government - Skills Development",
"clinical-and-public-health","TRUE",3,"Clinical And Public Health",
"clinical-services","TRUE",4,"Clinical Services",
"commercialization-of-agriculture-in-northern-uganda","TRUE",4,"Commercialization Of Agriculture In Northern Uganda",
"community-health","TRUE",4,"Community Health",
"community-mobilisation-and-empowerment---district-governments","TRUE",2,"Community Mobilisation And Empowerment - District Governments",
"construction-of-ministry-of-agriculture-animal-industry","TRUE",4,"Construction Of Ministry Of Agriculture, Animal Industry",
"water-management-and-development-project","TRUE",3,"Water Management And Development Project",
"construction-of-specialised-neonatal-and-maternal-unit-in-mulago-hospital","TRUE",4,"Construction Of Specialised Neonatal And Maternal Unit In Mulago Hospital",
"cour-supreme","TRUE",2,"Cour Supreme",
"crop-disease-and-pest-control","TRUE",4,"Crop Disease And Pest Control",
"crop-production-department","TRUE",4,"Crop Production Department",
"crop-protection-department","TRUE",4,"Crop Protection Department",
"dairy-development-authority","TRUE",3,"Dairy Development Authority",
"defence","TRUE",1,"Defence","darkorange-mid"
"defence-equipment-project","TRUE",4,"Defence Equipment Project",
"department-of-agribusiness","TRUE",4,"Department Of Agribusiness",
"department-of-crop-regulation-and-certification","TRUE",4,"Department Of Crop Regulation And Certification",
"department-of-entomology","TRUE",4,"Department Of Entomology",
"department-of-planning","TRUE",4,"Department Of Planning",
"department-of-training-institutions","TRUE",4,"Department Of Training Institutions",
"development-and-improvement-of-special-needs-education","TRUE",4,"Development And Improvement Of Special Needs Education",
"development-of-business-technical-vocational-education-and-training","TRUE",4,"Development Of Business Technical Vocational Education And Training",
"development-of-primary-teachers-colleges","TRUE",4,"Development Of Primary Teachers Colleges",
"development-of-secondary-education","TRUE",4,"Development Of Secondary Education",
"development-of-social-health-initiative","TRUE",4,"Development Of Social Health Initiative",
"development-of-technical-vocational-education-training-p-graduate","TRUE",4,"Development Of Technical & Vocational Education & Training (P7 Graduate)",
"development-of-uganda-petroleum-institute-kigumba","TRUE",4,"Development Of Uganda Petroleum Institute Kigumba",
"directorate-of-animal-resources","TRUE",4,"Directorate Of Animal Resources",
"directorate-of-crop-resources","TRUE",4,"Directorate Of Crop Resources",
"disability-and-elderly","TRUE",3,"Disability And Elderly",
"district-governments","TRUE",3,"District Governments",
"district-governments---education-inspection-and-monitoring","TRUE",3,"District Governments - Education Inspection And Monitoring",
"district-governments---skills-development","TRUE",3,"District Governments - Skills Development",
"district-infrastructure-support-programme","TRUE",4,"District Infrastructure Support Programme",
"district-production-services","TRUE",3,"District Production Services",
"domestic-interest","TRUE",2,"Domestic Interest",
"domestic-interest-payments","TRUE",2,"Domestic Interest Payments",
"eastern-africa-agricultural-productivity-adaptable-program","TRUE",3,"Eastern Africa Agricultural Productivity Adaptable Program",
"education","TRUE",1,"Education","darkpurple-mid"
"education-service-commission","TRUE",3,"Education Service Commission",
"education-standards-agency","TRUE",4,"Education Standards Agency",
"emergency-construction-of-primary-schools","TRUE",4,"Emergency Construction Of Primary Schools",
"employment-services","TRUE",3,"Employment Services",
"energy-for-rural-transformation","TRUE",3,"Energy For Rural Transformation",
"energy-for-rural-transformation-programme","TRUE",4,"Energy For Rural Transformation Programme",
"enhancing-national-food-security-through-increased-rice-production-in-eastern-uganda","TRUE",4,"Enhancing National Food Security Through Increased Rice Production In Eastern Uganda",
"european-union","TRUE",4,"European Union (406)",
"exernal-interest","TRUE",2,"Exernal Interest",
"export-goat-breeding-and-production","TRUE",4,"Export Goat Breeding And Production",
"external-funded-grants","TRUE",4,"External Funded Grants",
"external-funded-loans","TRUE",4,"External Funded Loans",
"external-interest-payments","TRUE",2,"External Interest Payments",
"external-security","TRUE",2,"External Security",
"external-security","TRUE",3,"External Security",
"farm-development","TRUE",4,"Farm Development",
"finance-and-administration","TRUE",3,"Finance And Administration",
"fisheries-resources-department","TRUE",4,"Fisheries Resources Department",
"fort-portal-referral-hospital","TRUE",3,"Fort Portal Referral Hospital",
"functional-adult-literacy-project","TRUE",3,"Functional Adult Literacy Project",
"gavi-vaccines-and-health-sector-support-program","TRUE",4,"Gavi Vaccines And Health Sector Support Program",
"germany","TRUE",4,"Germany (514)",
"global-alliance-for-vaccines-immunisation","TRUE",5,"Global Alliance For Vaccines Immunisation (451)",
"global-environment-facility","TRUE",4,"Global Environment Facility (424)",
"global-fund-for-aids-tb-and-malaria","TRUE",4,"Global Fund For Aids, Tb And Malaria",
"global-fund-for-hiv-tb-malaria","TRUE",5,"Global Fund For Hiv, Tb & Malaria (436)",
"government-funded","TRUE",4,"Government Funded",
"guidance-and-counselling","TRUE",4,"Guidance And Counselling",
"gulu-referral-hospital","TRUE",3,"Gulu Referral Hospital",
"gulu-university","TRUE",3,"Gulu University",
"headquarter","TRUE",4,"Headquarter",
"headquarters","TRUE",3,"Headquarters",
"headquarters","TRUE",4,"Headquarters",
"headquarters-planning-and-policy","TRUE",3,"Headquarters, Planning And Policy",
"health","TRUE",1,"Health","purple-mid"
"health-research","TRUE",3,"Health Research",
"health-service-commission","TRUE",3,"Health Service Commission",
"health-systems-development","TRUE",3,"Health Systems Development",
"health-systems-strengthening","TRUE",4,"Health Systems Strengthening",
"higher-education","TRUE",3,"Higher Education",
"higher-education","TRUE",4,"Higher Education",
"hoima-referral-hospital","TRUE",3,"Hoima Referral Hospital",
"iceland","TRUE",5,"Iceland (516)",
"improvement-of-food-security-in-cross-border-districts","TRUE",4,"Improvement Of Food Security In Cross Border Districts",
"water-management-and-development-project-ii","TRUE",3,"Water Management And Development Project Ii",
"improving-the-training-of-btvet-technical-instructors-health-tutors-secondary-teachers-in-uganda","TRUE",4,"Improving The Training Of Btvet Technical Instructors, Health Tutors & Secondary Teachers In Uganda",
"increasing-mukene-for-human-consumption","TRUE",4,"Increasing Mukene For Human Consumption",
"industrial-court","TRUE",3,"Industrial Court",
"industry-energy-and-mining","TRUE",1,"Industry, Energy And Mining","orange-mid"
"infrastructure","TRUE",1,"Infrastructure","darkyellow-high"
"insitutional-support-to-moh","TRUE",4,"Insitutional Support To Moh",
"institutional-capacity-building","TRUE",4,"Institutional Capacity Building",
"integrated-production-and-pest-management","TRUE",4,"Integrated Production And Pest Management",
"interest-payments","TRUE",1,"Interest Payments","darklightblue-high"
"internal-audit","TRUE",3,"Internal Audit",
"internal-audit","TRUE",4,"Internal Audit",
"internal-audit-department","TRUE",4,"Internal Audit Department",
"international-development-association","TRUE",4,"International Development Association (410)",
"international-development-association","TRUE",5,"International Development Association (410)",
"international-fund-for-agriculture-and-development","TRUE",4,"International Fund For Agriculture And Development (411)",
"international-fund-for-agriculture-and-development","TRUE",5,"International Fund For Agriculture And Development (411)",
"investment-subsidy-to-national-water-and-sewerage-corporation","TRUE",3,"Investment Subsidy To National Water And Sewerage Corporation",
"islamic-development-bank","TRUE",5,"Islamic Development Bank (414)",
"italian-support-to-health-sector-strategic-plan-and-peace-recovery-development-plan","TRUE",4,"Italian Support To Health Sector Strategic Plan And Peace Recovery Development Plan",
"italy","TRUE",5,"Italy (522)",
"japan","TRUE",4,"Japan (523)",
"japan","TRUE",5,"Japan (523)",
"jinja-referral-hospital","TRUE",3,"Jinja Referral Hospital",
"joint-clinical-research-centre","TRUE",4,"Joint Clinical Research Centre",
"joint-financing","TRUE",4,"Joint Financing (420)",
"joint-financing","TRUE",5,"Joint Financing (420)",
"kabale-referral-hospital","TRUE",3,"Kabale Referral Hospital",
"kabale-tea-factory","TRUE",4,"Kabale Tea Factory",
"kacwekano-zonal-agricultural-research-and-development-institute","TRUE",3,"Kacwekano Zonal Agricultural Research And Development Institute",
"kampala-capital-city-authority","TRUE",3,"Kampala Capital City Authority",
"kampala-capital-city-authority-community-health-management","TRUE",3,"Kampala Capital City Authority (Community Health Management)",
"kampala-water-lake-victoria-water-and-sanitation","TRUE",3,"Kampala Water Lake Victoria Water And Sanitation",
"karamoja-primary-education-project","TRUE",4,"Karamoja Primary Education Project",
"kyambogo-university","TRUE",3,"Kyambogo University",
"labour-and-industrial-relations","TRUE",3,"Labour And Industrial Relations",
"labour-saving-tech-and-mech-for-agricultral-production","TRUE",4,"Labour Saving Tech And Mech For Agricultral Production",
"lake-victoria-environment-management-project","TRUE",3,"Lake Victoria Environment Management Project",
"lake-victoria-water-and-sanitation-phase-ii-project","TRUE",3,"Lake Victoria Water And Sanitation Phase Ii Project",
"lira-referral-hospital","TRUE",3,"Lira Referral Hospital",
"livestock-disease-control","TRUE",4,"Livestock Disease Control",
"livestock-health-and-entomology","TRUE",4,"Livestock Health And Entomology",
"local-government-development","TRUE",1,"Local Government Development","darkpurple-high"
"local-governments","TRUE",2,"Local Governments",
"makerere-university","TRUE",3,"Makerere University",
"makerere-university-business-school","TRUE",3,"Makerere University Business School",
"mapping-of-ground-water-resurces-in-uganda","TRUE",3,"Mapping Of Ground Water Resurces In Uganda",
"masaka-referral-hospital","TRUE",3,"Masaka Referral Hospital",
"mbale-referral-hospital","TRUE",3,"Mbale Referral Hospital",
"mbarara-referral-hospital","TRUE",3,"Mbarara Referral Hospital",
"mbarara-university","TRUE",3,"Mbarara University",
"mbarara-zonal-agricultural-research-and-development-institute","TRUE",3,"Mbarara Zonal Agricultural Research And Development Institute",
"ministere-de-la-formation-professionnelle-de-lapprentissage-et-de-lartisanat","TRUE",2,"Ministere De La Formation Professionnelle, De L'Apprentissage Et De L'Artisanat",
"ministere-de-la-gouvernance-locale-du-developpement-et-de-lamenagement-du-territoire","TRUE",2,"Ministere De La Gouvernance Locale, Du Developpement Et De L'Amenagement Du Territoire",
"ministere-de-la-justice","TRUE",2,"Ministere De La Justice",
"ministere-de-la-peche-et-des-affaires-maritimes","TRUE",2,"Ministere De La Peche Et Des Affaires Maritimes",
"ministere-de-la-promotion-des-investissements-des-partenariats-et-du-developpement-des-teleservices-de-letat","TRUE",2,"Ministere De La Promotion Des Investissements, Des Partenariats Et Du Developpement Des Teleservices De L'Etat",
"ministere-de-la-sante-et-de-laction-sociale","TRUE",2,"Ministere De La Sante Et De L'Action Sociale",
"ministere-de-lagriculture-et-de-lequipement-rural","TRUE",2,"Ministere De L'Agriculture Et De L'Equipement Rural",
"ministere-de-leducation-nationale","TRUE",2,"Ministere De L'Education Nationale",
"ministere-de-lelevage-et-des-productions-animales","TRUE",2,"Ministere De L'Elevage Et Des Productions Animales",
"ministere-de-lenergie-et-du-developpement-des-energies-renouvelables","TRUE",2,"Ministere De L'Energie Et Du Developpement Des Energies Renouvelables",
"ministere-de-lenseignement-superieur-et-de-la-recherche","TRUE",2,"Ministere De L'Enseignement Superieur Et De La Recherche",
"ministere-de-lhydraulique-et-de-lassainissement","TRUE",2,"Ministere De L'Hydraulique Et De L'Assainissement",
"ministere-de-lindustrie-et-des-mines","TRUE",2,"Ministere De L'Industrie Et Des Mines",
"ministere-de-linterieur-et-de-la-securite-publique","TRUE",2,"Ministere De L'Interieur Et De La Securite Publique",
"ministere-des-forces-armees","TRUE",2,"Ministere Des Forces Armees",
"ministere-des-infrastructures-des-transports-terrestres-et-du-desenclavement","TRUE",2,"Ministere Des Infrastructures, Des Transports Terrestres Et Du Desenclavement",
"ministere-des-postes-et-des-telecommunications","TRUE",2,"Ministere Des Postes Et Des Telecommunications",
"ministere-du-tourisme-et-des-transports-aeriens","TRUE",2,"Ministere Du Tourisme Et Des Transports Aeriens",
"secondary-education","TRUE",4,"Secondary Education",
"ministry-of-agriculture-animal-fisheries","TRUE",2,"Ministry Of Agriculture, Animal & Fisheries",
"ministry-of-agriculture-animal-fisheries-coordination","TRUE",4,"Ministry Of Agriculture, Animal & Fisheries Coordination",
"ministry-of-defence","TRUE",2,"Ministry Of Defence",
"ministry-of-health","TRUE",2,"Ministry Of Health",
"moroto-referral-hosptial","TRUE",3,"Moroto Referral Hosptial",
"mubende-referral-hospital","TRUE",3,"Mubende Referral Hospital",
"mukono-zonal-agricultural-research-and-development-institute","TRUE",3,"Mukono Zonal Agricultural Research And Development Institute",
"mulago-hospital-complex","TRUE",3,"Mulago Hospital Complex",
"muni-university","TRUE",3,"Muni University",
"nabium-zonal-agricultural-research-and-development-institute","TRUE",3,"Nabium Zonal Agricultural Research And Development Institute",
"naguru-referral-hospital","TRUE",3,"Naguru Referral Hospital",
"nakawa-vocational-training-institute","TRUE",4,"Nakawa Vocational Training Institute",
"national-agricultural-advisory-services-secretariat","TRUE",2,"National Agricultural Advisory Services Secretariat",
"national-agricultural-research-organisation","TRUE",2,"National Agricultural Research Organisation",
"national-agricultural-research-organisation-internal-audit","TRUE",3,"National Agricultural Research Organisation Internal Audit",
"national-animal-genetic-research-centre-and-data-bank","TRUE",3,"National Animal Genetic Research Centre And Data Bank",
"national-crops-research","TRUE",3,"National Crops Research",
"national-defence-updf","TRUE",3,"National Defence (Updf)",
"national-disease-control","TRUE",4,"National Disease Control",
"national-fisheries-research","TRUE",3,"National Fisheries Research",
"national-forestry-research","TRUE",3,"National Forestry Research",
"national-health-service-training-colleges","TRUE",4,"National Health Service Training Colleges",
"national-laboratories-research","TRUE",3,"National Laboratories Research",
"national-livestock-production-improvement","TRUE",4,"National Livestock Production Improvement",
"national-livestock-research","TRUE",3,"National Livestock Research",
"national-medical-stores","TRUE",3,"National Medical Stores",
"national-semi-arid-research","TRUE",3,"National Semi Arid Research",
"ngetta-zonal-agricultural-research-and-development-institute","TRUE",3,"Ngetta Zonal Agricultural Research And Development Institute",
"non-wage","TRUE",4,"Non-Wage",
"nursing-services","TRUE",4,"Nursing Services",
"occupational-safety-and-health","TRUE",3,"Occupational Safety And Health",
"office-of-directorate-of-water-development","TRUE",3,"Office Of Directorate Of Water Development",
"office-of-directorate-of-water-resources-management","TRUE",3,"Office Of Directorate Of Water Resources Management",
"office-of-the-dgcd;-dsp-and-dl","TRUE",3,"Office Of The D/G&Cd; D/Sp And D/L",
"operational-water-resources-management","TRUE",3,"Operational Water Resources Management",
"organisation-of-petroleum-exporting-countries","TRUE",5,"Organisation Of Petroleum Exporting Countries (415)",
"other","TRUE",1,"Other","grey-mid"
"other","TRUE",4,"Other",
"other","TRUE",5,"Other",
"pharmaceutical-and-other-supplies","TRUE",3,"Pharmaceutical And Other Supplies",
"physical-education-and-sports","TRUE",3,"Physical Education And Sports",
"plan-for-national-agriculture-statistics","TRUE",4,"Plan For National Agriculture Statistics",
"planning","TRUE",3,"Planning",
"planning","TRUE",4,"Planning",
"policy-and-management-support","TRUE",3,"Policy And Management Support",
"policy-planning-and-support-services","TRUE",2,"Policy, Planning And Support Services",
"policy-planning-and-support-services","TRUE",3,"Policy, Planning And Support Services",
"pre-primary-and-primary-education","TRUE",2,"Pre-Primary And Primary Education",
"private-schools-department","TRUE",4,"Private Schools Department",
"promotion-of-children-and-youth","TRUE",3,"Promotion Of Children And Youth",
"promotion-of-labour-productivity-and-employment","TRUE",2,"Promotion Of Labour Productivity And Employment",
"protection-of-lake-victoria-kampala-sanitation","TRUE",3,"Protection Of Lake Victoria-Kampala Sanitation",
"provision-of-improved-water-sources-for-returned-idp","TRUE",3,"Provision Of Improved Water Sources For Returned Idp",
"public-health-laboratory-strengthening-project","TRUE",4,"Public Health Laboratory Strengthening Project",
"quality-and-standards","TRUE",3,"Quality And Standards",
"quality-assurance","TRUE",4,"Quality Assurance",
"quick-action-for-improving-quality-and-timeliness-of-education-and-sports-sector","TRUE",4,"Quick Action For Improving Quality And Timeliness Of Education And Sports Sector",
"recurrent","TRUE",3,"Recurrent",
"rehabilitation-and-construction-of-general-hospitals","TRUE",4,"Rehabilitation And Construction Of General Hospitals",
"rehabilitation-and-equiping-of-health-facilities-in-west-region","TRUE",4,"Rehabilitation And Equiping Of Health Facilities In West Region",
"rehabilitation-of-health-facilities-in-eastern-region","TRUE",4,"Rehabilitation Of Health Facilities In Eastern Region",
"relocation-of-shimoni-primary-teachers-college","TRUE",4,"Relocation Of Shimoni Primary Teachers College",
"research-institutions","TRUE",4,"Research Institutions",
"rice-development-project","TRUE",4,"Rice Development Project",
"rural-electrification","TRUE",4,"Rural Electrification",
"rural-water-supply-and-sanitation","TRUE",3,"Rural Water Supply And Sanitation",
"rural-water-supply-and-sanitation---central-government","TRUE",2,"Rural Water Supply And Sanitation - Central Government",
"rural-water-supply-and-sanitation---district-governments","TRUE",2,"Rural Water Supply And Sanitation - District Governments",
"rwebitaba-zonal-agricultural-research-and-development-institute","TRUE",3,"Rwebitaba Zonal Agricultural Research And Development Institute",
"saudi-arabia","TRUE",5,"Saudi Arabia (540)",
"school-community-water-idps","TRUE",3,"School & Community Water-Idps",
"secondary-education","TRUE",2,"Secondary Education",
"sector-monitoring-and-quality-assurance","TRUE",3,"Sector Monitoring And Quality Assurance",
"security","TRUE",1,"Security","darkblue-high"
"social-assistance-grant-for-empowerment","TRUE",3,"Social Assistance Grant For Empowerment",
"social-protection","TRUE",1,"Social Protection","red-high"
"social-protection-for-vulnerable-groups","TRUE",2,"Social Protection For Vulnerable Groups",
"soroti-referral-hospital","TRUE",3,"Soroti Referral Hospital",
"south-korea","TRUE",5,"South Korea (526)",
"spain","TRUE",5,"Spain (542)",
"special-needs-education-guidance-and-counselling","TRUE",3,"Special Needs Education, Guidance And Counselling",
"sports-and-physical-education","TRUE",4,"Sports And Physical Education",
"strengthening-external-security-organisation","TRUE",4,"Strengthening External Security Organisation",
"strengthening-ministry-of-gender-labour-and-social-development","TRUE",3,"Strengthening Ministry Of Gender, Labour And Social Development",
"strengthening-safeguards-safety-and-health-at-workplaces","TRUE",3,"Strengthening Safeguards, Safety And Health At Workplaces",
"supervision-monitoring-and-evaluation","TRUE",4,"Supervision, Monitoring And Evaluation",
"support-for-hydro-power-development-and-operations-on-river","TRUE",3,"Support For Hydro-Power Development And Operations On River",
"support-for-institutional-development","TRUE",4,"Support For Institutional Development",
"support-for-national-agricultural-research-organisation","TRUE",3,"Support For National Agricultural Research Organisation",
"support-for-tea-cocoa-seedlings","TRUE",4,"Support For Tea Cocoa Seedlings",
"support-to-agro-processing-marketing-of-agricultural","TRUE",4,"Support To Agro Processing & Marketing Of Agricultural",
"support-to-fisheries-development","TRUE",4,"Support To Fisheries Development",
"support-to-fisheries-mechanisation-weed-control","TRUE",4,"Support To Fisheries Mechanisation & Weed Control",
"support-to-higher-education-science-technology","TRUE",4,"Support To Higher Education, Science & Technology",
"support-to-mulago-hospital-rehabilitation","TRUE",4,"Support To Mulago Hospital Rehabilitation",
"support-to-national-health-departmental-training-institute","TRUE",4,"Support To National Health & Departmental Training Institute",
"support-to-national-library-of-uganda","TRUE",3,"Support To National Library Of Uganda",
"support-to-physical-education-and-sports","TRUE",4,"Support To Physical Education And Sports",
"support-to-quality-assurance-fish-marketing","TRUE",4,"Support To Quality Assurance Fish Marketing",
"support-to-rural-water-supply-project","TRUE",3,"Support To Rural Water Supply Project",
"support-to-small-town-water-supply-project","TRUE",3,"Support To Small Town Water Supply Project",
"support-to-the-street-children-activities","TRUE",4,"Support To The Street Children Activities",
"support-to-ugandan-secondary-education","TRUE",4,"Support To Ugandan Secondary Education",
"support-to-water-resource-management","TRUE",3,"Support To Water Resource Management",
"support-to-youth-groups","TRUE",4,"Support To Youth Groups",
"teacher-education","TRUE",4,"Teacher Education",
"technical-assistance-to-improve-animal-disease-diagnostic-capacity","TRUE",4,"Technical Assistance To Improve Animal Disease Diagnostic Capacity",
"tertiaryhigher-education","TRUE",2,"Tertiary/Higher Education",
"uganda-aids-commission","TRUE",3,"Uganda Aids Commission",
"uganda-blood-transfusion-service","TRUE",3,"Uganda Blood Transfusion Service",
"uganda-cancer-institute","TRUE",3,"Uganda Cancer Institute",
"uganda-coffee-development-authority","TRUE",3,"Uganda Coffee Development Authority",
"uganda-cotton-development-organisation","TRUE",3,"Uganda Cotton Development Organisation",
"uganda-heart-institute","TRUE",3,"Uganda Heart Institute",
"uganda-management-institute","TRUE",3,"Uganda Management Institute",
"uganda-meat-exports-development-project","TRUE",4,"Uganda Meat Exports Development Project",
"uganda-sanitation-fund-project","TRUE",4,"Uganda Sanitation Fund Project",
"uganda-teacher-and-school-effectiveness-project","TRUE",4,"Uganda Teacher And School Effectiveness Project",
"united-kingdom","TRUE",5,"United Kingdom (549)",
"united-nations-office-for-project-services","TRUE",5,"United Nations Office For Project Services (454)",
"updf-airforce","TRUE",4,"Updf Airforce",
"updf-land-forces","TRUE",4,"Updf Land Forces",
"updf-peace-keeping-mission-in-somalia","TRUE",4,"Updf Peace Keeping Mission In Somalia",
"urban-water-reform","TRUE",3,"Urban Water Reform",
"urban-water-supply-and-sanitation-----district-governments","TRUE",2,"Urban Water Supply And Sanitation -  - District Governments",
"urban-water-supply-and-sanitation---central-government","TRUE",2,"Urban Water Supply And Sanitation - Central Government",
"urban-water-supply-sewerage","TRUE",3,"Urban Water Supply & Sewerage",
"vegetable-oil-development-project-phase","TRUE",4,"Vegetable Oil Development Project-Phase 2",
"wage","TRUE",4,"Wage",
"wash","TRUE",1,"Wash","lightblue-mid"
"water-and-sanitation","TRUE",1,"Water And Sanitation","blue-mid"
"water-and-sanitation-development-facility---central","TRUE",3,"Water And Sanitation Development Facility - Central",
"water-and-sanitation-development-facility---east","TRUE",3,"Water And Sanitation Development Facility - East",
"water-and-sanitation-development-facility-north","TRUE",3,"Water And Sanitation Development Facility-North",
"water-and-sanitation-development-facility-south-west","TRUE",3,"Water And Sanitation Development Facility-South West",
"water-for-production","TRUE",2,"Water For Production",
"water-for-production","TRUE",3,"Water For Production",
"water-for-production-project","TRUE",3,"Water For Production Project",
"water-quality-management","TRUE",3,"Water Quality Management",
"water-resources-management","TRUE",2,"Water Resources Management",
"water-resources-monitoring-assessment","TRUE",3,"Water Resources Monitoring & Assessment",
"water-resources-regulation","TRUE",3,"Water Resources Regulation",
"youth-and-children-affairs","TRUE",3,"Youth And Children Affairs",
